x;x;x;x;228-29-29;228-29-29;228-29-29;228-29-29;228-29-29;228-29-29;x;x;x;x;x;x
x;x;x;228-29-29;228-29-29;228-29-29;228-29-29;228-29-29;228-29-29;228-29-29;228-29-29;228-29-29;228-29-29;x;x;x
x;x;x;x;x;x;x;x;x;x;x;x;x;x;x;x
x;x;x;x;x;x;x;x;x;x;x;x;x;x;x;x
x;x;x;x;x;x;x;x;x;x;x;x;x;x;x;x
x;x;x;x;x;x;x;x;x;x;x;x;x;x;x;x
x;x;x;x;x;x;x;x;x;x;x;x;x;x;x;x
x;x;x;228-29-29;228-29-29;x;228-29-29;228-29-29;x;228-29-29;x;x;x;x;x;x
x;x;228-29-29;228-29-29;228-29-29;x;228-29-29;228-29-29;x;228-29-29;228-29-29;228-29-29;228-29-29;x;x;x
x;228-29-29;228-29-29;228-29-29;228-29-29;x;228-29-29;228-29-29;x;228-29-29;228-29-29;228-29-29;228-29-29;x;x;x
x;x;x;228-29-29;x;x;x;x;x;x;228-29-29;x;x;x;x;x
x;x;x;x;x;x;x;x;x;x;x;x;x;x;x;x
x;x;x;x;x;x;x;x;x;x;x;x;x;x;x;x
x;x;x;x;x;x;x;x;x;x;x;x;x;x;x;x
x;x;x;x;x;x;x;x;x;x;x;x;x;x;x;x
x;x;x;x;x;x;x;x;x;x;x;x;x;x;x;x
x;x;x;x;x;x;x;x;x;x;x;x;x;x;x;x